pos	ref	alt	gt
108564790	GT	G	1/1
108567237	A	G	1/1
108567390	C	G	1/1
108569987	GTTTTTTTTTT	G	1/1
108573235	C	T	1/1
108574183	C	T	1/1
108575012	A	G	1/1
108575789	G	A	1/1
108576719	C	T	1/1
108577202	T	TA	1/1
108580183	A	AT	1/1
108581446	A	G	1/1
108584477	G	A	1/1
108584722	T	A	1/1
108585022	C	CTTTTT,CTTTT	1/2
108586936	ATATTATTAT	ATAT,A	1/2
108587315	G	T	1/1
108591886	TAA	T	1/1
108599386	A	G	1/1
108600344	A	G	1/1
108600546	CA	C	1/1
108605293	A	G	1/1
108606639	A	G	1/1
108609430	T	C	1/1
108610957	C	T	1/1
108611098	AT	A	0/1
108613258	C	T	1/1
108613318	T	C	0/1
108613361	GT	G	1/1
108613929	A	G	1/1
108616156	GT	G	0/1
108620671	ATTTTC	A	1/1
108622962	C	T	1/1
108624167	A	C	1/1
108626617	C	CT	1/1
108627138	T	A	1/1
108635301	A	T	1/1
108639800	C	T	1/1
108642089	G	GTT	1/1
108642344	A	G	1/1
108643836	G	A	1/1
108646643	T	C	1/1
108649008	TA	T	1/1
108652895	C	T	1/1
108653543	A	C	1/1
108656460	T	C	1/1
108659914	A	G	1/1
108661389	G	GC	1/1
108662324	C	T	1/1
108665812	G	GA	1/1
108666981	G	A	1/1
108670065	T	C	1/1
108670603	T	C	1/1
108671608	A	G	1/1
108672958	A	G	1/1
108673230	C	T	1/1
108673623	G	A	1/1
108675350	T	C	1/1
108675545	T	G	1/1
108675760	G	T	1/1
108676232	G	A	1/1
108676408	G	A	1/1
108677063	A	G	1/1
108677702	G	C	1/1
108677898	G	A	1/1
108677992	A	G	1/1
108678084	A	G	1/1
108678493	C	CT	1/1
108678890	T	TTTTTTTC	1/1
108679073	A	G	1/1
108679113	T	C	1|1
108679128	T	C	1|1
108679539	A	G	1/1
108680751	G	GA	1/1
108680839	C	T	1/1
108682118	T	C	1/1
108682786	C	A	1/1
108683599	T	C	0/1
108683686	C	CA	1/1
